INSERT INTO people
VALUES ('1299707', 'James Howlett', 160.00, 88.00, 'Brown', 'Brown', '123 Fake st. Red Deer', 'm', to_date('01-oct-1974','dd-mon-yyyy')); 

INSERT INTO people
VALUES ('1299708', 'Scott Summers', 190.50, 88.00, 'Red', 'Brown', '135 Salic ave. Edmonton', 'm', to_date('11-aug-1980','dd-mon-yyyy'));

INSERT INTO people
VALUES ('1299709', 'Hope Summers', 46.20, 2.20, 'Brown', 'Red', '146 Tess Tscase ave. Edmonton', 'f', to_date('02-feb-2015','dd-mon-yyyy'));

INSERT INTO people
VALUES ('1299710', 'Robert Drake', 172.70, 66.00, 'Blue', 'Brown', '150 Drew-Lane Edmonton', 'm', to_date('20-sep-1980','dd-mon-yyyy'));

INSERT INTO people
VALUES ('1299711', 'Henry McCoy', 180.30, 85.00, 'Brown', 'Brown', '123 lois-Lane Windsor', 'm', to_date('15-dec-1978','dd-mon-yyyy'));

INSERT INTO people
VALUES ('1299712', 'Jean Grey', 167.60, 52.00, 'Green', 'Red', '123 Fake Street Red Deer', 'f', to_date('08-aug-1985','dd-mon-yyyy')); 

INSERT INTO people
VALUES ('1299713', 'Anne Marie', 172.70, 54.00, 'Green', 'Brown', '135 Salic ave. Edmonton', 'f', to_date('11-aug-1991','dd-mon-yyyy'));

INSERT INTO people
VALUES ('1299714', 'Kurt Wagner', 175.30, 73.00, 'Brown', 'Blue', '146 Sample st. Calgary', 'm', to_date('04-jul-2000','dd-mon-yyyy'));

INSERT INTO people
VALUES ('1299715', 'Piotr Rasputin', 198.10, 113.00, 'Brown', 'Black', '1122 crest ave. Edmonton', 'm', to_date('02-jan-1991','dd-mon-yyyy'));

INSERT INTO people
VALUES ('1299716', 'Katherine Pryde', 167.60, 50.0, 'Brown', 'Brown', '123 lois-Lane Windsor', 'f', to_date('15-dec-1992','dd-mon-yyyy'));

INSERT INTO people
VALUES ('1299717', 'Charles Xavier', 182.90, 86.00, 'Brown', 'Bald', '120 Rake rd. Calgary', 'm', to_date('20-oct-1960','dd-mon-yyyy'));

INSERT INTO people
VALUES ('1299718', 'Max Eisenhardt', 188.00, 86.00, 'Brown', 'Brown', '155 Drake rd. Edmonton', 'm', to_date('01-nov-1963','dd-mon-yyyy'));

INSERT INTO people
VALUES ('1299719', 'Elizabeth Braddock', 180.30, 70.0, 'Brown', 'Black', '175 Drake rd. Edmonton', 'f', to_date('03-apr-1988','dd-mon-yyyy'));

INSERT INTO people
VALUES ('1299720', 'Raven Darkholme', 177.80, 54.00, 'Brown', 'Black', '103 LackLust ave. Jasper', 'f', to_date('20-aug-1973','dd-mon-yyyy'));

INSERT INTO people
VALUES ('1299721', 'Ororo Munroe', 180.30, 66.00, 'Brown', 'White', '176 McFung st. Edmonton', 'f', to_date('12-nov-1968','dd-mon-yyyy'));

INSERT INTO people
VALUES ('1299722', 'Emma Frost', 177.80, 65.00, 'Blue', 'Blonde', 'HollWud blvd. Edmonton', 'f', to_date('13-sep-1983','dd-mon-yyyy'));

INSERT INTO people
VALUES ('1299723', 'Remy LeBeau', 188.00 , 81.00, 'Brown', 'Brown', 'GermanyTown Castor', 'm', to_date('14-apr-1989','dd-mon-yyyy'));

INSERT INTO people
VALUES ('1299724', 'Nathan Summers', 203.20, 159.00, 'Brown', 'White', '111 Skyscape rd. Edmonton', 'm', to_date('11-may-1968','dd-mon-yyyy'));

INSERT INTO people
VALUES ('1299725', 'Laura Kinney', 154.90, 50.0, 'Brown', 'Brown', '222 Royd rd. Banff', 'f', to_date('02-may-1985','dd-mon-yyyy'));

INSERT INTO people
VALUES ('1299726', 'Victor Creed', 198.10, 125.00, 'Brown', 'Blonde', '345 Jasper ave Edmonton', 'm', to_date('10-may-1953'));

INSERT INTO people
VALUES ('1299777', 'Wade Wilson', 188.00, 95.00, 'Brown', 'Brown', '123 Downtown Edmonton', 'm', to_date('01-apr-1967','dd-mon-yyyy'));


INSERT INTO drive_licence
VALUES ('0000001','1299707', 'Novice', 'C9CBBBCCCEB9C8CABCCCCEB9C9CBBB', to_date('01-jan-2015','dd-mon-yyyy'), to_date('01-jan-2018','dd-mon-yyyy'));

INSERT INTO drive_licence
VALUES ('0000002','1299708', 'Full', 'C9CBBBCCCEB9C8CABCCCCEB9C9CBBC', to_date('11-aug-2011','dd-mon-yyyy'), to_date('11-aug-2016','dd-mon-yyyy'));

INSERT INTO drive_licence
VALUES ('0000003','1299714', 'Learners', 'C9CBBBCCCEB9C8CABCCCCEB9C9CBBD', to_date('04-jul-2014','dd-mon-yyyy'), to_date('04-jul-2016','dd-mon-yyyy'));

INSERT INTO drive_licence
VALUES ('0000004','1299711', 'Full', 'C9CBBBCCCEB9C8CABCCCCEB9C9CBBE', to_date('15-dec-2008','dd-mon-yyyy'), to_date('15-dec-2015','dd-mon-yyyy'));

INSERT INTO drive_licence
VALUES ('0000005','1299713', 'Full', 'C9CBBBCCCEB9C8CABCCCCEB9C9CBCB', to_date('11-aug-2010','dd-mon-yyyy'), to_date('11-aug-2017','dd-mon-yyyy'));

INSERT INTO drive_licence
VALUES ('0000006','1299710', 'Learners', 'C9CBBBCCCEB9C8CABCCCCEB9C9CBCC', to_date('20-sep-2013','dd-mon-yyyy'), to_date('20-sep-2015','dd-mon-yyyy'));

INSERT INTO drive_licence
VALUES ('0000007','1299715', 'Full', 'C9CBBBCCCEB9C8CABCCCCEB9C9CBCD', to_date('02-jan-2005','dd-mon-yyyy'), to_date('02-jan-2013','dd-mon-yyyy'));

INSERT INTO drive_licence
VALUES ('0000008','1299716', 'Full', 'C9CBBBCCCEB9C8CABCCCCEB9C9CBCE', to_date('15-dec-2010','dd-mon-yyyy'), to_date('15-dec-2017','dd-mon-yyyy'));

INSERT INTO drive_licence
VALUES ('0000009','1299717', 'Novice', 'C9CBBBCCCEB9C8CABCCCCEB9C9CB9A', to_date('20-oct-2010','dd-mon-yyyy'), to_date('20-oct-2017','dd-mon-yyyy'));

INSERT INTO drive_licence
VALUES ('0000010','1299718', 'Full', 'C9CBBBCCCEB9C8CABCCCCEB9C9CB9B', to_date('01-nov-2009','dd-mon-yyyy'), to_date('01-nov-2016','dd-mon-yyyy'));

INSERT INTO drive_licence
VALUES ('0000011','1299720', 'NonDriving', 'C9CBBBCCCEB9C8CABCCCCEB9C9CB9C', to_date('20-aug-2012','dd-mon-yyyy'), to_date('20-aug-2015','dd-mon-yyyy'));

INSERT INTO drive_licence
VALUES ('0000012','1299722', 'NonDriving', 'C9CBBBCCCEB9C8CABCCCCEB9C9CB9B', to_date('13-sep-2009','dd-mon-yyyy'), to_date('01-nov-2015','dd-mon-yyyy'));

INSERT INTO drive_licence
VALUES ('0000013','1299723', 'NonDriving', 'C9CBBBCCCEB9C8CABCCCCEB9C9CB9C', to_date('14-nov-2012','dd-mon-yyyy'), to_date('14-nov-2018','dd-mon-yyyy'));

INSERT INTO drive_licence
VALUES ('0000014','1299725', 'Full', 'C9CBBBCCCEB9C8CABCCCCEB9C9CB99', to_date('02-may-2010','dd-mon-yyyy'), to_date('02-may-2016','dd-mon-yyyy'));

INSERT INTO drive_licence
VALUES ('0000015','1299726', 'Full', 'C9CBBBCCCEB9C8CABCCCCEB9C9CBEE', to_date('06-jun-2013','dd-mon-yyyy'), to_date('06-jun-2019','dd-mon-yyyy'));


INSERT INTO driving_condition 
VALUES (0808, 'Can only drive between 6am and 6pm ');

INSERT INTO driving_condition 
VALUES (0811, 'Can only drive with one person');

INSERT INTO driving_condition 
VALUES (0812, 'Must have a qualified driver over 25 in Car when driving');

INSERT INTO driving_condition
VALUES (0800, 'No condition');


INSERT INTO restriction 
VALUES ('0000008', 0808);

INSERT INTO restriction 
VALUES ('0000006', 0812);

INSERT INTO restriction 
VALUES ('0000001', 0811);

INSERT INTO restriction 
VALUES ('0000003', 0812);

INSERT INTO restriction
VALUES ('0000009', 0811);

INSERT INTO restriction
VALUES ('0000002', 0800);

INSERT INTO restriction
VALUES ('0000004', 0800);

INSERT INTO restriction
VALUES ('0000005', 0800);

INSERT INTO restriction
VALUES ('0000007', 0800);

INSERT INTO restriction
VALUES ('0000010', 0800);

INSERT INTO restriction
VALUES ('0000011', 0800);

INSERT INTO restriction
VALUES ('0000012', 0800);

INSERT INTO restriction
VALUES ('0000013', 0800);

INSERT INTO restriction
VALUES ('0000014', 0800);

INSERT INTO restriction
VALUES ('0000015', 0800);


INSERT INTO vehicle_type 
VALUES (10345601, 'Sport Car');

INSERT INTO vehicle_type 
VALUES (10345602, 'Truck');

INSERT INTO vehicle_type 
VALUES (10345604, 'Sedan');

INSERT INTO vehicle_type 
VALUES (10345607, 'Van');

INSERT INTO vehicle_type 
VALUES (10345608, 'SUV');

INSERT INTO vehicle_type 
VALUES (10345609, 'Hybrid');


INSERT INTO VEHICLE
VALUES ('00110203040555', 'Johnsons', 'Old SUV', 2008, 'Black', 10345608);

INSERT INTO vehicle
VALUES ('00110203040500', 'Mazda', 'Rx8', 2005, 'Red', 10345601);

INSERT INTO vehicle
VALUES ('00110203040501', 'Ford', 'F-150', 2010, 'Red',10345602);

INSERT INTO vehicle
VALUES ('00110203040502', 'Mitsubishi', 'Lancer', 1998, 'Green', 10345601);

INSERT INTO vehicle
VALUES ('00110203040503', 'Toyota', 'Corolla', 1985, 'Red',10345604);

INSERT INTO vehicle
VALUES ('00110203040504', 'Chevrolet', 'Malibu', 2004, 'Grey',10345604);

INSERT INTO vehicle
VALUES ('00110203040505', 'Ford', 'E-150', 2010, 'Blue',10345607);

INSERT INTO vehicle
VALUES ('00110203040506', 'Honda', 'CR-V', 2013, 'Red',10345608);

INSERT INTO vehicle
VALUES ('00110203040507', 'Honda', 'Accord Hybrid', 2010, 'Blue',10345609);

INSERT INTO vehicle
VALUES ('00110203040508', 'Nissan', 'GTR', 2005, 'Red',10345601);

INSERT INTO vehicle
VALUES ('00110203040509', 'Toyota', 'SUpe', 2011, 'Green',10345608);

INSERT INTO vehicle
VALUES ('00110203040510', 'Chevrolet', 'x99', 2007, 'White',10345608);

INSERT INTO vehicle
VALUES ('00110203040511', 'Scion', 'Vosque', 2014, 'Pink',10345608);

INSERT INTO vehicle
VALUES ('00110203040512', 'Ford', 'Vax', 2011, 'Red',10345608);

INSERT INTO vehicle
VALUES ('00110203040513', 'Hyundai', 'y9', 2007, 'White',10345608);

INSERT INTO vehicle
VALUES ('00110203040514', 'Hyundai', 'y8', 2014, 'Pink',10345608);

INSERT INTO vehicle
VALUES ('00110203040515', 'Hyundai', 'y7', 2011, 'Yellow',10345608);

INSERT INTO vehicle
VALUES ('00110203040516', 'Scion', 'E7', 2000, 'Red',10345608);

INSERT INTO vehicle
VALUES ('00110203040517', 'Chevrolet', 'x99', 2007, 'Silver',10345608);

INSERT INTO vehicle
VALUES ('00110203040518', 'Hyundai', 'y8', 2014, 'Pink',10345608);

INSERT INTO vehicle
VALUES ('00110203040519', 'Hyundai', 'y8', 2014, 'Pink',10345608);

INSERT INTO vehicle
VALUES ('00110203040520', 'Ford', 'F-150', 2013, 'White',10345602);

INSERT INTO vehicle
VALUES ('00110203040521', 'Ford', 'F-150', 2013, 'White',10345602);

INSERT INTO vehicle
VALUES ('00110203040522', 'Ford', 'F-150', 2013, 'White',10345602);

INSERT INTO vehicle
VALUES ('00110203040523', 'Ford', 'F-150', 2013, 'White',10345602);

INSERT INTO vehicle
VALUES ('00110203040524', 'Toyota', 'Corolla', 2014, 'Red',10345604);

INSERT INTO vehicle
VALUES ('00110203040525', 'Toyota', 'Corolla', 2014, 'Blue',10345604);

INSERT INTO vehicle
VALUES ('00110203040526', 'Toyota', 'Corolla', 2014, 'Black',10345604);

INSERT INTO vehicle
VALUES ('00110203040527', 'Toyota', 'Corolla', 2014, 'Green',10345604);

INSERT INTO vehicle
VALUES ('00110203040528', 'Toyota', 'Corolla', 2014, 'Grey',10345604);

INSERT INTO vehicle
VALUES ('00110203040529', 'Mazda', 'Rx8', 2005, 'Silver', 10345601);

INSERT INTO vehicle
VALUES ('00110203040530', 'Honda', 'CR-V', 2013, 'Red',10345608);

INSERT INTO vehicle
VALUES ('00110203040531', 'Honda', 'CR-V', 2013, 'Silver',10345608);

INSERT INTO vehicle
VALUES ('00110203040532', 'Honda', 'CR-V', 2013, 'White',10345608);

INSERT INTO vehicle
VALUES ('00110203040533', 'Honda', 'CR-V', 2013, 'Red',10345608);

INSERT INTO vehicle
VALUES ('00110203040534', 'Hyundai', 'y7', 2011, 'Orange',10345608);


INSERT INTO owner
VALUES ('1299707', '00110203040500', 'y');

INSERT INTO owner
VALUES ('1299707', '00110203040555', 'y');

INSERT INTO owner
VALUES ('1299722', '00110203040505', 'y');

INSERT INTO owner
VALUES ('1299712', '00110203040500', 'n');

INSERT INTO owner
VALUES ('1299708', '00110203040501', 'y');

INSERT INTO owner
VALUES ('1299713', '00110203040501', 'n');

INSERT INTO owner
VALUES ('1299710', '00110203040503', 'n');

INSERT INTO owner
VALUES ('1299711', '00110203040502', 'y');

INSERT INTO owner
VALUES ('1299715', '00110203040507', 'y');

INSERT INTO owner
VALUES ('1299715', '00110203040504', 'n');

INSERT INTO owner
VALUES ('1299715', '00110203040509', 'y');

INSERT INTO owner
VALUES ('1299715', '00110203040516', 'y');

INSERT INTO owner
VALUES ('1299715', '00110203040506', 'y');

INSERT INTO owner
VALUES ('1299716', '00110203040512', 'y');

INSERT INTO owner
VALUES ('1299716', '00110203040511', 'y');

INSERT INTO owner
VALUES ('1299716', '00110203040510', 'y');

INSERT INTO owner
VALUES ('1299718', '00110203040513', 'y');

INSERT INTO owner
VALUES ('1299718', '00110203040514', 'y');

INSERT INTO owner
VALUES ('1299718', '00110203040515', 'y');

INSERT INTO owner
VALUES ('1299725', '00110203040517', 'y');

INSERT INTO owner
VALUES ('1299707', '00110203040534', 'y');

INSERT INTO owner
VALUES ('1299716', '00110203040533', 'y');

INSERT INTO owner
VALUES ('1299716', '00110203040532', 'y');

INSERT INTO owner
VALUES ('1299716', '00110203040531', 'y');

INSERT INTO owner
VALUES ('1299707', '00110203040530', 'y');

INSERT INTO owner
VALUES ('1299707', '00110203040529', 'y');
  
INSERT INTO owner
VALUES ('1299710', '00110203040528', 'y');

INSERT INTO owner
VALUES ('1299711', '00110203040527', 'y');

INSERT INTO owner
VALUES ('1299712', '00110203040526', 'y');

INSERT INTO owner
VALUES ('1299713', '00110203040525', 'y');

INSERT INTO owner
VALUES ('1299715', '00110203040524', 'y');

INSERT INTO owner
VALUES ('1299726', '00110203040523', 'y');

INSERT INTO owner
VALUES ('1299726', '00110203040522', 'y');

INSERT INTO owner
VALUES ('1299726', '00110203040521', 'y');

INSERT INTO owner
VALUES ('1299726', '00110203040520', 'y');

INSERT INTO owner
VALUES ('1299713', '00110203040519', 'y');

INSERT INTO owner
VALUES ('1299712', '00110203040518', 'y');

INSERT INTO owner
VALUES ('1299726', '00110203040508', 'y');


INSERT INTO auto_sale 
VALUES (00, '1299715', '1299714', '00110203040504', to_date('20-aug-2013','dd-mon-yyyy'), 22000.89);

INSERT INTO auto_sale 
VALUES (01, '1299715', '1299716', '00110203040507', to_date('20-dec-2010','dd-mon-yyyy'), 8500.36);

INSERT INTO auto_sale 
VALUES (02, '1299725', '1299720', '00110203040517', to_date('21-nov-2011','dd-mon-yyyy'), 2000.90);

INSERT INTO auto_sale 
VALUES (03, '1299710', '1299725', '00110203040503', to_date('10-jun-2012','dd-mon-yyyy'), 8500.36);

INSERT INTO auto_sale 
VALUES (04, '1299718', '1299722', '00110203040513', to_date('29-dec-2011','dd-mon-yyyy'), 25000.00);

INSERT INTO auto_sale 
VALUES (05, '1299718', '1299711', '00110203040515', to_date('11-apr-2012','dd-mon-yyyy'), 12500.00);

INSERT INTO auto_sale 
VALUES (06, '1299716', '1299718', '00110203040511', to_date('23-jul-2013','dd-mon-yyyy'), 52500.00);

INSERT INTO auto_sale 
VALUES (07, '1299707', '1299723', '00110203040500', to_date('29-dec-2011','dd-mon-yyyy'), 25000.00);

INSERT INTO auto_sale 
VALUES (08, '1299723', '1299707', '00110203040500', to_date('13-jan-2012','dd-mon-yyyy'), 12500.00);

INSERT INTO auto_sale 
VALUES (09, '1299708', '1299713', '00110203040501', to_date('15-may-2010','dd-mon-yyyy'), 10000.00);

INSERT INTO auto_sale 
VALUES (10, '1299722', '1299708', '00110203040505', to_date('30-jul-2010','dd-mon-yyyy'), 50000.00);

INSERT INTO auto_sale 
VALUES (11, '1299708', '1299713', '00110203040505', to_date('15-aug-2010','dd-mon-yyyy'), 25000.00);

INSERT INTO auto_sale 
VALUES (12, '1299777', '1299707', '00110203040555', to_date('03-jun-2010','dd-mon-yyyy'), 800.00);

INSERT INTO auto_sale 
VALUES (13, '1299777', '1299707', '00110203040534', to_date('26-jun-2010','dd-mon-yyyy'), 38000.00);

INSERT INTO auto_sale 
VALUES (14, '1299777', '1299716', '00110203040533', to_date('20-Nov-2012','dd-mon-yyyy'), 38000.00);

INSERT INTO auto_sale 
VALUES (15, '1299777', '1299716', '00110203040532', to_date('20-Nov-2012','dd-mon-yyyy'), 38000.00);

INSERT INTO auto_sale 
VALUES (16, '1299777', '1299716', '00110203040531', to_date('20-Nov-2012','dd-mon-yyyy'), 38000.00);

INSERT INTO auto_sale 
VALUES (17, '1299777', '1299707', '00110203040530', to_date('20-Dec-2012','dd-mon-yyyy'), 38000.00);

INSERT INTO auto_sale
VALUES (18, '1299777', '1299707', '00110203040529', to_date('24-Dec-2005','dd-mon-yyyy'), 45000.00);

INSERT INTO auto_sale
VALUES (19, '1299777', '1299710', '00110203040528', to_date('17-Feb-2014','dd-mon-yyyy'), 20000.00);

INSERT INTO auto_sale
VALUES (20, '1299777', '1299711', '00110203040527', to_date('04-Mar-2014','dd-mon-yyyy'), 20000.00);

INSERT INTO auto_sale
VALUES (21, '1299777', '1299712', '00110203040526', to_date('13-Jan-2014','dd-mon-yyyy'), 20000.00);

INSERT INTO auto_sale
VALUES (22, '1299777', '1299713', '00110203040525', to_date('09-Apr-2014','dd-mon-yyyy'), 20000.00);

INSERT INTO auto_sale
VALUES (23, '1299777', '1299715', '00110203040524', to_date('30-Oct-2014','dd-mon-yyyy'), 20000.00);

INSERT INTO auto_sale
VALUES (24, '1299777', '1299726', '00110203040523', to_date('06-Jun-2006','dd-mon-yyyy'), 45000.00);

INSERT INTO auto_sale
VALUES (25, '1299777', '1299726', '00110203040522', to_date('06-Jun-2006','dd-mon-yyyy'), 45000.00);

INSERT INTO auto_sale
VALUES (26, '1299777', '1299726', '00110203040521', to_date('06-Jun-2006','dd-mon-yyyy'), 45000.00);

INSERT INTO auto_sale
VALUES (27, '1299777', '1299726', '00110203040520', to_date('06-Jun-2006','dd-mon-yyyy'), 45000.00);

INSERT INTO auto_sale
VALUES (28, '1299777', '1299713', '00110203040519', to_date('06-Jun-2014','dd-mon-yyyy'), 29000.00);

INSERT INTO auto_sale
VALUES (29, '1299777', '1299712', '00110203040518', to_date('06-Jan-2014','dd-mon-yyyy'), 29000.00);

INSERT INTO auto_sale
VALUES (30, '1299777', '1299715', '00110203040516', to_date('07-may-2008','dd-mon-yyyy'), 20000.00);

INSERT INTO auto_sale
VALUES (31, '1299777', '1299718', '00110203040514', to_date('01-jan-2014','dd-mon-yyyy'), 26000.00);

INSERT INTO auto_sale
VALUES (32, '1299777', '1299716', '00110203040512', to_date('09-sep-2011','dd-mon-yyyy'), 87000.00);

INSERT INTO auto_sale
VALUES (33, '1299777', '1299716', '00110203040510', to_date('26-sep-2008','dd-mon-yyyy'), 23899.00);

INSERT INTO auto_sale
VALUES (34, '1299777', '1299715', '00110203040509', to_date('24-oct-2011','dd-mon-yyyy'), 45000.00);

INSERT INTO auto_sale
VALUES (35, '1299777', '1299726', '00110203040508', to_date('17-dec-2005','dd-mon-yyyy'), 99000.00);

INSERT INTO auto_sale
VALUES (36, '1299777', '1299715', '00110203040506', to_date('09-mar-2014','dd-mon-yyyy'), 27000.00);

INSERT INTO auto_sale
VALUES (37, '1299777', '1299711', '00110203040502', to_date('27-aug-2000','dd-mon-yyyy'), 9000.00);

INSERT INTO auto_sale
VALUES (38, '1299707', '1299723', '00110203040500', to_date('02-feb-2012','dd-mon-yyyy'), 10000.00);

INSERT INTO auto_sale
VALUES (39, '1299723', '1299707', '00110203040500', to_date('05-feb-2012','dd-mon-yyyy'), 8000.00);


INSERT INTO ticket_type
VALUES ('Parking', 100.50);

INSERT INTO ticket_type
VALUES ('Speeding', 250.00);

INSERT INTO ticket_type
VALUES ('Traffic', 150.00);

INSERT INTO ticket_type
VALUES ('Driving', 180.00);

INSERT INTO ticket_type
VALUES ('Safety', 125.00);

INSERT INTO ticket_type
VALUES ('Violation', 80.98);


INSERT INTO ticket
VALUES (550001, '1299707', '00110203040500', '1299718', 'Speeding', to_date('26-mar-2013','dd-mon-yyyy'), 'HW 404, Red Deer AB', 'James Howlett Exceeded the posted speeding limit');

INSERT INTO ticket
VALUES (550003, '1299707', '00110203040500', '1299717', 'Traffic', to_date('30-mar-2013','dd-mon-yyyy'), '91-101 Edmonton AB', 'Celebrity James Howlett ran a red light.');

INSERT INTO ticket
VALUES (550012, '1299707', '00110203040500', '1299717', 'Traffic', to_date('19-mar-2013','dd-mon-yyyy'), '91-101 Edmonton AB', 'Texted while driving.');

INSERT INTO ticket
VALUES (550002, '1299708', '00110203040500', '1299718', 'Speeding', to_date('26-mar-2009','dd-mon-yyyy'), 'HW 404, Red Deer AB', 'Caught driving in the exact same Car as James Howlett from earlier');

INSERT INTO ticket
VALUES (550004, '1299710', '00110203040503', '1299718', 'Violation', to_date('18-apr-2008','dd-mon-yyyy'), '89-107, Edmonton AB', 'Was caught making an obscene gesture to a passing school of children');

INSERT INTO ticket
VALUES (550005, '1299711', '00110203040502', '1299717', 'Driving', to_date('01-jan-2013','dd-mon-yyyy'), '72-99, Edmonton AB', 'Made an unsafe U-Turn');

INSERT INTO ticket
VALUES (550006, '1299713', '00110203040501', '1299717', 'Safety', to_date('07-mar-2014','dd-mon-yyyy'), '88-98, Edmonton AB', 'Rear ended another Car');

INSERT INTO ticket
VALUES (550007, '1299725', '00110203040517', '1299717', 'Safety', to_date('07-mar-2014','dd-mon-yyyy'), '88-98, Edmonton AB', 'Was rear ended by another Car');

INSERT INTO ticket
VALUES (550008, '1299715', '00110203040504', '1299718', 'Violation', to_date('13-jan-2015','dd-mon-yyyy'), '102-75, Edmonton AB', 'Driving with expired licence.');

INSERT INTO ticket
VALUES (550009, '1299715', '00110203040504', '1299718', 'Speeding', to_date('01-dec-2014','dd-mon-yyyy'), 'HW26, Edmonton AB', 'Driving over the speed limit.');

INSERT INTO ticket
VALUES (550010, '1299715', '00110203040504', '1299717', 'Parking', to_date('02-nov-2014','dd-mon-yyyy'), '102-75, Edmonton AB', 'Parked next to a fire hydrant');

INSERT INTO ticket
VALUES (550011, '1299715', '00110203040504', '1299718', 'Violation', to_date('23-jan-2015','dd-mon-yyyy'), '102-75, Edmonton AB', 'Continued to Drive with an expired licence.');

INSERT INTO ticket
VALUES (550013, '1299715', '00110203040504', '1299718', 'Speeding', to_date('08-feb-2015','dd-mon-yyyy'), '137-97, Edmonton AB', 'Driving over speed limit.');